Model,Feature_Set,Train_RMSE,Train_RSQ,Test_RMSE,Test_RSQ
Elastic Net,Embeddings Only,0.9217600045826666,0.3770596609263133,0.9323071840727041,0.388323130736561
OLS,Embeddings Only,0.9500144865365028,0.34862460810119233,0.9378024998154831,0.37972191537395966
OLS,Tokens Only,1.0366616172399332,0.2132203543607286,1.045877523340332,0.22659627060805632
Elastic Net,Tokens Only,1.0362553012547733,0.21353649708168046,1.046286745112054,0.2261829561776326
