Model,Feature_Set,RMSE,R_Squared
Elastic Net,Embeddings Only,0.9195255065347716,0.3797785641088539
OLS,Embeddings Only,0.9466701402095908,0.3529996420145409
Elastic Net,Tokens Only,1.0367376462876983,0.21151977929015395
OLS,Tokens Only,1.0371217691006132,0.2112261984709024
