Model,Feature_Set,Train_RMSE,Train_RSQ,Test_RMSE,Test_RSQ
Elastic Net,Tokens Only,1.0413290093596004,0.21540485909421647,1.030794318982966,0.2114569355171056
OLS,Tokens Only,1.0417476598556235,0.2150889058261907,1.0312083977459832,0.2110702649554882
Elastic Net,Topics Only,1.1732437508810996,0.002116894838020694,1.1615881989924843,1.2849256882392537e-4
OLS,Topics Only,1.1734856608435793,0.002103188915476142,1.1623580997952643,1.7612677001907335e-4
