Model,Feature_Set,Train_RMSE,Train_RSQ,Test_RMSE,Test_RSQ
Elastic Net,Embeddings Only,0.9259978912902442,0.3785375409853551,0.9114366116280648,0.3855222440466465
Elastic Net,Combined,0.9258700257399346,0.3786704641739185,0.9118814776522041,0.3848808435898075
OLS,Embeddings Only,0.9540223695495996,0.3503954863103078,0.9381832224736458,0.35730444431031083
OLS,Combined,0.9539824757890394,0.35051843642191255,0.9405254159174541,0.35463819095002375
Elastic Net,Topics Only,1.1732437508810996,0.002116894838020694,1.1615881989924843,1.2849256882392537e-4
OLS,Topics Only,1.1734856608435793,0.002103188915476142,1.1623580997952643,1.7612677001907335e-4
